日期,平台,岗位名称,公司名称,公司类型,城市,薪资范围,经验要求,学历要求,岗位链接,公司工商验证,招聘信息验证,备注,是否新增
2026-08-13,公司官网招聘页,高级运营设计师-活动运营设计（J97076）,百度（Baidu）,稳定民企（纳斯达克/港股上市、10000人+）,北京,薪资面议,3-5年或5年以上,未披露,https://talent.baidu.com/jobs/detail/SOCIAL/f66154f6-df92-40c8-b18f-959029a14aeb,百度投资者关系官网可核验公司在纳斯达克及香港联交所上市，并持续披露2026年财报与监管文件；百度为员工规模超过万人的稳定上市科技企业。,2026-08-13 百度官方招聘详情页可直接访问并显示“申请职位”，岗位为PSIG北京高级运营设计师、招聘1人、发布日期2026-05-18；职责覆盖百度文库和网盘大型活动、品牌IP、AIGC及3D设计。,与4.5年经验高度匹配，但属于运营视觉边界岗位而非纯产品UI/UX；适合有大型线上活动、品牌IP、字体排版、3D或AIGC案例者。作品集需随简历提交，投递需登录百度招聘账号。,是
2026-08-13,BOSS直聘,UI设计师,字节跳动,其他民企（独角兽）,北京,面议,3-5年,本科,https://www.zhipin.com/job_detail/a62c28275bf9a2b71XZ52tm7E1RT.html,已验证（未上市独角兽）,已验证（BOSS直聘官方页面）,大厂直招,否
2026-08-13,BOSS直聘,ux设计师-豆包爱学,字节跳动,其他民企（独角兽）,北京,面议,3-5年,本科,https://www.zhipin.com/job_detail/378bb740725734f803x72tW5EVBW.html,已验证（未上市独角兽）,已验证（BOSS直聘官方页面）,大厂直招 AI教育方向,否
2026-08-13,BOSS直聘,高级交互设计,旷视MEGVII,其他民企（独角兽）,北京,需登录查看,需登录查看,需登录查看,https://www.zhipin.com/zhaopin/21fc426d093faddc0ndy2Nm4FQ~~/,已验证（未上市独角兽 AI赛道）,已验证（BOSS直聘官方页面）,AI独角兽 需登录查看详情,否
2026-08-13,BOSS直聘,语音对话交互,阿里巴巴集团,上市民企,北京,需登录查看,需登录查看,需登录查看,https://www.zhipin.com/zhaopin/1bfcd98940f50a733nxz3tu7/,已验证（纽交所/港交所上市BABA）,已验证（BOSS直聘官方页面）,大厂直招 语音交互方向 需登录查看,否
2026-08-13,LinkedIn,交互设计师-AI创新业务,字节跳动,其他民企（独角兽）,北京,面议,5年以上,本科,https://cn.linkedin.com/jobs/view/交互设计师-ai创新业务-at-bytedance-4081999226,已验证（未上市独角兽）,已验证（LinkedIn官方页面）,大厂直招 AI创新方向,否
2026-08-13,公司官网招聘页,视觉设计师（J11393）,小度科技（百度）,稳定民企（百度旗下/纳斯达克及港股上市体系、10000人+）,北京,薪资面议,2年以上,本科及以上,https://talent.baidu.com/jobs/detail/SOCIAL/7b49bc9c-6516-4ee6-95d1-d7680852a6fa,小度科技为百度旗下智能生活与硬件业务品牌；百度投资者关系官网可核验其纳斯达克及香港联交所上市公司体系与万人以上规模。,2026-08-11 百度官方招聘详情页可直接访问，显示小度科技北京视觉设计师岗位、招聘若干、发布日期2026-07-21；要求本科及以上、2年以上互联网经历，页面提供登录入口。,经验门槛低于4.5年但职责包含产品视觉、设计走查、用户反馈与AI大模型设计实践，匹配度较高；有OS、多端规范、AE/Blender或智能硬件案例者优先。投递需登录百度招聘账号。,否
2026-08-13,公司官网招聘页,UI设计师（J103371）,百度（Baidu）,稳定民企（纳斯达克/港股上市、10000人+）,北京,薪资面议,1年以上,本科及以上,https://talent.baidu.com/jobs/detail/SOCIAL/8972f75c-6815-4cfe-8793-ad3650c9fac9,百度投资者关系官网确认公司在纳斯达克（BIDU）及香港联交所（9888）上市，总部位于北京；官网披露截至2025年末约有33500名全职员工，符合上市且万人以上稳定民企门槛。,2026-08-12 百度官方招聘详情页可直接访问（HTTP 200），显示PSIG北京UI设计师岗位、招聘1人、发布日期2026-07-21；职责覆盖百度网盘与文库的AI应用、产品营销、商业付费和互动玩法设计，页面提供登录入口。,明示门槛为1年以上，低于候选人的4.5年经验，但复杂链路、体系化UI、商业转化与AIGC工作流具有较高匹配度；建议投递前确认职级和薪资带宽，作品集突出复杂产品链路、增长设计及Figma/AE/AIGC实践。投递需登录百度招聘账号。,否
2026-08-13,公司官网招聘页,海外AI赛道——高级用户体验设计师（J97181）,百度（Baidu）,稳定民企（纳斯达克/港股上市、10000人+）,北京,薪资面议,3年以上,本科及以上,https://talent.baidu.com/jobs/detail/SOCIAL/37e99a23-6bef-4447-8fd5-54c9e691e54b,百度投资者关系官网确认公司在纳斯达克及香港联交所上市，总部位于北京；官网披露员工规模超过万人，符合稳定上市万人企业门槛。,2026-08-11 百度官方招聘详情页可直接访问，显示PSIG北京海外AI赛道高级用户体验设计师岗位、招聘2人、发布日期2026-07-21；要求本科及以上、3年以上视觉设计经验。,与4.5年经验高度匹配，职责同时覆盖UX调研、UI、动效与海外用户体验；有海外项目、AI产品或韩语/西语能力者优势明显。投递需登录百度招聘账号。,否
2026-08-13,公司官网招聘页,高级UI设计师（J96638）,百度（Baidu）,稳定民企（纳斯达克/港股上市、10000人+）,北京,薪资面议,未披露（高级岗位）,本科及以上,https://talent.baidu.com/jobs/detail/SOCIAL/67d3cc00-f348-453b-be53-704954dedd3c,百度投资者关系官网确认公司在纳斯达克（BIDU）及香港联交所（9888）上市，总部位于北京；官网披露截至2025年末约有33500名全职员工，符合上市且万人以上稳定民企门槛。,2026-08-11 百度官方招聘详情页可直接访问，显示PSIG北京高级UI设计师岗位、招聘1人、发布日期2026-07-21；职责聚焦百度AI产品界面、创新交互与视觉表现、设计系统和动效，页面提供登录后投递入口。,官方渠道新增收录；未明示工作年限，但岗位等级为高级，4.5年且具备AI产品、设计系统、Figma与AE动效案例者值得重点尝试。投递需登录百度招聘账号。,否
2026-08-13,公司官网招聘页,高级UI设计师（J99117）,百度（Baidu）,稳定民企（纳斯达克/港股上市、10000人+）,北京,薪资面议,未披露（高级岗位）,本科及以上,https://talent.baidu.com/jobs/detail/SOCIAL/8499e0ab-b8d6-42cf-a316-8e824382740f,百度投资者关系官网确认公司在纳斯达克及香港联交所上市，总部位于北京；官网披露员工规模超过万人，符合稳定上市万人企业门槛。,2026-08-11 百度官方招聘详情页可直接访问，显示PSIG北京高级UI设计师岗位、招聘1人、发布日期2026-07-21；职责覆盖AI产品界面、创新交互、设计系统、动效与复杂项目统筹，页面提供登录入口。,与J96638同属PSIG但职责更强调主导设计体系与复杂项目管理，适合作为4.5年经验的冲刺岗位；作品集应突出AI产品、设计系统、跨团队推进与Figma/AE动效。投递需登录百度招聘账号。,否
2026-08-13,智联招聘,软件设计师,中企云链,央企,北京,15-25k·13薪,3-5年,本科,https://www.zhaopin.com/jobdetail/CC660023380J40869238807.htm,已验证（央企背景 供应链金融平台）,已验证（智联官方页面）,央企背景 13薪 非常匹配4.5年经验,否
2026-08-13,智联招聘,UI设计师,中国软件,央企,北京,5-10k,经验不限,本科,https://www.zhaopin.com/jobdetail/CC120519400J40864569907.htm,已验证（中国电子信息产业集团央企子公司）,已验证（智联官方页面）,央企背景 薪资偏低 稳定,否
2026-08-13,智联招聘,UI设计师(国企),亦庄国际人力,国企,北京,15-20k,3-5年,本科,https://www.zhaopin.com/jobdetail/CC189963810J40820839411.htm,已验证（北京亦庄国际人力资源 国企）,已验证（智联官方页面）,国企 B端产品 非常匹配4.5年经验,否
2026-08-13,智联招聘,UE/UX设计岗(AI Agent平台),京东方科技集团,上市国企,北京,15-25k,5-10年,本科,https://www.zhaopin.com/jobdetail/CC161678510J40877632914.htm,已验证（深交所上市000725 国企）,已验证（智联官方页面）,上市国企 显示龙头 AI Agent方向,否
2026-08-13,智联招聘,座舱体验设计,京东集团,上市民企,北京,20-40k·20薪,5-10年,本科,https://www.zhaopin.com/jobdetail/CC192921310J40870676509.htm,已验证（纳斯达克JD/港交所9618）,已验证（智联官方页面）,上市大厂 20薪 座舱设计,否
2026-08-13,智联招聘,UI设计工程师,北京国家数字出版基地,国企,北京,12-15k,3-5年,本科,https://www.zhaopin.com/jobdetail/CC200367430J40956221415.htm,已验证（北京国资园区运营）,已验证（智联官方页面）,国企背景 园区运营 非常匹配4.5年经验,否
2026-08-13,智联招聘,资深UX设计师/UX设计经理(J10226),北京神舟航天软件,央企,北京,15-30k·13薪,5-10年,本科,https://www.zhaopin.com/jobdetail/CC000432740J40829914816.htm,已验证（中国航天科技集团央企子公司）,已验证（智联官方页面）,央企背景 航天系 13薪 稳定,否
2026-08-13,智联招聘,UI/UE设计师,北辰实业,国资控股,北京,25-29k,5-10年,本科,https://www.zhaopin.com/jobdetail/CC000223000J40916366615.htm,已验证（北辰实业港交所0588 国资控股）,已验证（智联官方页面）,国资控股 数据产品 薪资好,否
2026-08-13,智联招聘,产品UX设计师,去哪儿网,上市民企,北京,15-25k·16薪,3-5年,本科,https://www.zhaopin.com/jobdetail/CC143301290J40855831905.htm,已验证（携程系 美股上市）,已验证（智联官方页面）,美股上市 16薪 非常匹配4.5年经验,否
2026-08-13,智联招聘,UI/UE工程师(研发中心-直管),国家电投集团数字科技,央企,北京,面议,3-5年,本科,https://www.zhaopin.com/jobdetail/CC478410210J40848702610.htm,已验证（国家电力投资集团央企子公司）,已验证（智联官方页面）,央企背景 电力数字化 非常匹配4.5年经验,否
2026-08-13,智联招聘,UE/UX交互设计师,圣元,上市民企,北京,8-12k,3-5年,本科,https://www.zhaopin.com/jobdetail/CC210519510J40473066607.htm,已验证（纳斯达克上市SYUT）,已验证（智联官方页面）,美股上市 母婴赛道 薪资偏低,否
2026-08-13,智联招聘,抖音产品设计师,字节跳动,其他民企（独角兽）,北京,20-35k,3-5年,本科,https://www.zhaopin.com/jobdetail/CC469217510J40013217501.htm,已验证（未上市独角兽）,已验证（智联官方页面）,大厂直招 抖音方向 非常匹配4.5年经验,否
2026-08-13,智联招聘,高级体验设计师-财经,字节跳动,其他民企（独角兽）,北京,20-30k,3-5年,本科,https://www.zhaopin.com/jobdetail/CC469217510J40759818401.htm,已验证（未上市独角兽）,已验证（智联官方页面）,大厂直招 财经方向 非常匹配4.5年经验,否
2026-08-13,智联招聘,AI体验设计师,美团,上市民企,北京,面议,1-3年,本科,https://www.zhaopin.com/jobdetail/CC383625320J40751168209.htm,已验证（港交所上市3690）,已验证（智联官方页面）,上市大厂 AI方向,否
2026-08-13,智联招聘,境外-品牌营销设计师(零售方向),美团,上市民企,北京,面议,3-5年,本科,https://www.zhaopin.com/jobdetail/CC383625320J40873262509.htm,已验证（港交所上市3690）,已验证（智联官方页面）,上市大厂 品牌方向 非常匹配4.5年经验,否
2026-08-13,智联招聘,UI设计岗,财达证券,上市国企,北京,面议,1-3年,本科,https://www.zhaopin.com/jobdetail/CC438042080J40879381710.htm,已验证（A股上市600870 国企背景）,已验证（智联官方页面）,上市券商 国企背景 稳定,否
2026-08-13,智联招聘,产品UI设计师(民航行业),远东控股集团,上市民企,北京,9-11k·17薪,3-5年,本科,https://www.zhaopin.com/jobdetail/CC139393940J40851339501.htm,已验证（上交所上市000681）,已验证（智联官方页面）,A股上市 民航方向 17薪 非常匹配4.5年经验,否
2026-08-13,智联招聘,高级UI/UX设计师,首都文化科技集团,国企,北京,20-25k,5-10年,本科,https://www.zhaopin.com/jobdetail/CCL1468963210J40908990803.htm,已验证（北京国资集团）,已验证（智联官方页面）,国企背景 文化科技,否
2026-08-13,猎聘,B端交互设计师,Baidu,上市民企,北京,30-40k·16薪,3年以上,本科,https://www.liepin.com/job/1981865005.shtml,已验证（纳斯达克/港交所上市）,已验证（猎聘官方页面）,大厂直招 适合4.5年经验,否
2026-08-13,猎聘,UI设计(车机操作系统方向),Baidu,上市民企,北京,25-35k·16薪,3-5年,本科,https://www.liepin.com/job/1982374561.shtml,已验证（纳斯达克/港交所上市）,已验证（猎聘官方页面）,大厂直招 车机OS方向 非常匹配4.5年经验,否
2026-08-13,猎聘,交互设计师,Baidu,上市民企,北京,15-35k·16薪,3-5年,本科,https://www.liepin.com/job/1975249777.shtml,已验证（纳斯达克/港交所上市）,已验证（猎聘官方页面）,大厂直招,否
2026-08-13,猎聘,移动端交互设计师,Baidu,上市民企,北京,25-45k·16薪,3-5年,本科,https://www.liepin.com/job/1983690229.shtml,已验证（纳斯达克/港交所上市）,已验证（猎聘官方页面）,大厂直招 适合4.5年经验,否
2026-08-13,猎聘,资深UI设计师,Baidu,上市民企,北京,20-35k·16薪,3-5年,本科,https://www.liepin.com/job/1951447307.shtml,已验证（纳斯达克/港交所上市）,已验证（猎聘官方页面）,大厂直招 非常匹配4.5年经验,否
2026-08-13,猎聘,高级UI设计师(座舱HMI方向),Baidu,上市民企,北京,20-35k·16薪,3-5年,本科,https://www.liepin.com/job/1982271473.shtml,已验证（纳斯达克/港交所上市）,已验证（猎聘官方页面）,大厂直招 座舱HMI方向 非常匹配4.5年经验,否
2026-08-13,猎聘,高级交互设计师,Baidu,上市民企,北京,25-30k,3年以上,本科,https://www.liepin.com/job/1976152851.shtml,已验证（纳斯达克/港交所上市）,已验证（猎聘官方页面）,大厂直招,否
2026-08-13,猎聘,高级视觉设计师,Baidu,上市民企,北京,20-25k·16薪,3-5年,本科,https://www.liepin.com/job/1974077131.shtml,已验证（纳斯达克/港交所上市）,已验证（猎聘官方页面）,大厂直招 视觉方向 非常匹配4.5年经验,否
2026-08-13,猎聘,体验设计师(UIUX)外企-社交/赛事方向,万宝盛华,外企,北京,30-45k,3-5年,本科,https://www.liepin.com/job/1964161417.shtml,已验证（万宝盛华Group 外企500强）,已验证（猎聘官方页面）,外企500强 社交/赛事方向 非常匹配4.5年经验,否
2026-08-13,猎聘,交互设计师-AI大模型,中国电子云,央企,北京,2-4k,3-5年,本科,https://www.liepin.com/job/1973542383.shtml,已验证（中国电子信息产业集团央企子公司）,已验证（猎聘官方页面）,央企背景 薪资偏低需确认,否
2026-08-13,猎聘,高级UI视觉设计师（仪表方向）,九号公司,上市民企,北京,20-30k·14薪,经验不限,学历不限,https://www.liepin.com/job/1977996043.shtml,已验证（科创板上市689009）,已验证（猎聘官方页面）,科创板上市 智能短交通 仪表方向,否
2026-08-13,猎聘,高级视觉设计师,九号公司,上市民企,北京,20-40k·14薪,5年以上,统招本科,https://www.liepin.com/job/1975885719.shtml,已验证（科创板上市689009）,已验证（猎聘官方页面）,科创板上市 视觉方向,否
2026-08-13,猎聘,高级视觉设计师(MJ005390),九号公司,上市民企,北京,20-40k·14薪,5-10年,统招本科,https://www.liepin.com/job/1976946381.shtml,已验证（科创板上市689009）,已验证（猎聘官方页面）,科创板上市 智能短交通 视觉方向,否
2026-08-13,猎聘,AIGC体验设计师,京东,上市民企,北京,25-40k·19薪,3-5年,本科,https://www.liepin.com/job/1975644581.shtml,已验证（纳斯达克JD/港交所9618）,已验证（猎聘官方页面）,上市大厂 AIGC方向 非常匹配4.5年经验,否
2026-08-13,猎聘,UX体验设计师,京东,上市民企,北京,20-35k·20薪,3-10年,本科,https://www.liepin.com/job/1980041763.shtml,已验证（纳斯达克JD/港交所9618）,已验证（猎聘官方页面）,上市大厂 20薪 适合4.5年经验,否
2026-08-13,猎聘,交互体验设计师,京东,上市民企,北京,30-60k·16薪,5年以上,统招本科,https://www.liepin.com/job/1975550897.shtml,已验证（纳斯达克JD/港交所9618）,已验证（猎聘官方页面）,上市大厂 交互方向,否
2026-08-13,猎聘,智能座舱体验设计师,京东,上市民企,北京,25-55k·20薪,5-10年,本科,https://www.liepin.com/job/1983504293.shtml,已验证（纳斯达克JD/港交所9618）,已验证（猎聘官方页面）,上市大厂 智能座舱 20薪,否
2026-08-13,猎聘,资深交互体验设计师,京东,上市民企,北京,35-65k·16薪,3-5年,本科,https://www.liepin.com/job/1960601113.shtml,已验证（纳斯达克JD/港交所9618）,已验证（猎聘官方页面）,上市大厂 交互方向 非常匹配4.5年经验,否
2026-08-13,猎聘,资深体验设计师（偏视觉）,京东,上市民企,北京,35-65k·16薪,5年以上,本科,https://www.liepin.com/job/1972869825.shtml,已验证（纳斯达克JD/港交所9618）,已验证（猎聘官方页面）,上市大厂 视觉方向,否
2026-08-13,猎聘,高级视觉设计师岗(调性、物料)京东总部,京东,上市民企,北京,20-40k,5年以上,统招本科,https://www.liepin.com/job/1975149589.shtml,已验证（纳斯达克JD/港交所9618）,已验证（猎聘官方页面）,上市大厂 视觉方向,否
2026-08-13,猎聘,高级视觉设计师,京东商城,上市民企,北京,20-25k·19薪,3年以上,本科,https://www.liepin.com/job/1971379249.shtml,已验证（纳斯达克JD/港交所9618）,已验证（猎聘官方页面）,上市大厂 19薪 视觉方向 适合4.5年经验,否
2026-08-13,猎聘,资深UI设计师,作业帮,其他民企（独角兽）,北京,20-35k·15薪,5-10年,本科,https://www.liepin.com/job/1984467671.shtml,已验证（未上市独角兽 D轮+）,已验证（猎聘官方页面）,教育赛道 适合4.5年+经验,否
2026-08-13,猎聘,UED设计师(J13428),北京汽车研究总院,国企,北京,15-25k·15薪,5-10年,统招本科,https://www.liepin.com/job/1983593001.shtml,已验证（北汽集团国企）,已验证（猎聘官方页面）,国企背景 汽车HMI方向 稳定,否
2026-08-13,猎聘,高级视觉设计师(J10946),南威软件集团,上市民企,北京,20-30k,3-5年,本科,https://www.liepin.com/job/1981853189.shtml,已验证（上交所上市603636）,已验证（猎聘官方页面）,A股上市 视觉方向 非常匹配4.5年经验,否
2026-08-13,猎聘,产品设计师UI/UX,哔哩哔哩,上市民企,北京,30-45k·15薪,5-10年,本科,https://www.liepin.com/job/1979441179.shtml,已验证（美股上市BILI）,已验证（猎聘官方页面）,美股上市 视频平台 适合4.5年+经验,否
2026-08-13,猎聘,高级视觉设计师,国金黄金股份有限公司,上市民企,北京,30-60k,3-5年,本科,https://www.liepin.com/job/1978837039.shtml,已验证（上交所上市002085）,已验证（猎聘官方页面）,A股上市 黄金零售 视觉方向 非常匹配4.5年经验,否
2026-08-13,猎聘,UI设计专家(AI方向),奇虎360,上市民企,北京,25-55k,3-5年,统招本科,https://www.liepin.com/job/1973461453.shtml,已验证（上交所601360）,已验证（猎聘官方页面）,A股上市 AI方向 非常匹配4.5年经验,否
2026-08-13,猎聘,HCI人机交互设计师-PICO,字节跳动,其他民企（独角兽）,北京,30-60k·15薪,3-5年,本科,https://www.liepin.com/job/1973646061.shtml,已验证（未上市独角兽 张一鸣控股）,已验证（猎聘官方页面）,PICO VR方向 适合4.5年经验,否
2026-08-13,猎聘,ID创新体验设计师-PICO,字节跳动,其他民企（独角兽）,北京,40-70k·15薪,3-5年,本科,https://www.liepin.com/job/1973645735.shtml,已验证（未上市独角兽）,已验证（猎聘官方页面）,大厂直招 PICO VR创新方向 非常匹配4.5年经验,否
2026-08-13,猎聘,UI设计-交互方向,字节跳动,其他民企（独角兽）,北京,30-60k,3年以上,本科,https://www.liepin.com/job/1978353465.shtml,已验证（未上市独角兽）,已验证（猎聘官方页面）,大厂直招 PICO交互方向 适合4.5年经验,否
2026-08-13,猎聘,UI设计师-AI创新业务,字节跳动,其他民企（独角兽）,北京,20-50k·15薪,5-10年,本科,https://www.liepin.com/job/1984774559.shtml,已验证（未上市独角兽）,已验证（猎聘官方页面）,大厂直招 AI创新方向 视觉体系,否
2026-08-13,猎聘,产品设计师-pico,字节跳动,其他民企（独角兽）,北京,30-60k·15薪,3年以上,本科,https://www.liepin.com/job/1981593357.shtml,已验证（未上市独角兽）,已验证（猎聘官方页面）,大厂直招 PICO VR方向 适合4.5年经验,否
2026-08-13,猎聘,产品设计师-直播,字节跳动,其他民企（独角兽）,北京,20-40k·15薪,3年以上,本科,https://www.liepin.com/job/1979565593.shtml,已验证（未上市独角兽）,已验证（猎聘官方页面）,大厂直招 直播方向 适合4.5年经验,否
2026-08-13,猎聘,品牌广告资深体验设计师,字节跳动,其他民企（独角兽）,北京,30-50k·15薪,3-5年,本科,https://www.liepin.com/job/1972480567.shtml,已验证（未上市独角兽）,已验证（猎聘官方页面）,大厂直招 广告方向 非常匹配4.5年经验,否
2026-08-13,猎聘,平台资深体验设计师-广告业务,字节跳动,其他民企（独角兽）,北京,30-50k·15薪,3-5年,本科,https://www.liepin.com/job/1972114111.shtml,已验证（未上市独角兽）,已验证（猎聘官方页面）,大厂直招 广告平台 非常匹配4.5年经验,否
2026-08-13,猎聘,资深UI设计师-国际化产品,字节跳动,其他民企（独角兽）,北京,20-50k·15薪,3年以上,本科,https://www.liepin.com/job/1972194705.shtml,已验证（未上市独角兽）,已验证（猎聘官方页面）,大厂直招 国际化方向 适合4.5年经验,否
2026-08-13,猎聘,资深UI设计师-豆包爱学,字节跳动,其他民企（独角兽）,北京,25-45k·15薪,3-5年,本科,https://www.liepin.com/job/1975020373.shtml,已验证（未上市独角兽）,已验证（猎聘官方页面）,大厂直招 AI教育方向 非常匹配4.5年经验,否
2026-08-13,猎聘,UI设计师,安克创新,上市民企,北京,20-30k·14薪,5-10年,统招本科,https://www.liepin.com/job/1984555725.shtml,已验证（A股上市300866）,已验证（猎聘官方页面）,A股上市 跨境电商 出海品牌,否
2026-08-13,猎聘,交互设计师(A119341A),小米,上市民企,北京,25-40k·16薪,5-10年,本科,https://www.liepin.com/job/1981098139.shtml,已验证（港交所上市01810）,已验证（猎聘官方页面）,大厂直招 500强,否
2026-08-13,猎聘,小米海外光网UI设计师,小米,上市民企,北京,15-30k·15薪,3-5年,本科,https://www.liepin.com/job/1984292803.shtml,已验证（港交所上市01810）,已验证（猎聘官方页面）,大厂直招 海外方向,否
2026-08-13,猎聘,智驾HMI用户体验设计,小米,上市民企,北京,20-40k,3年以上,本科,https://www.liepin.com/job/1984528205.shtml,已验证（港交所上市01810）,已验证（猎聘官方页面）,大厂直招 智驾HMI方向 适合4.5年经验,否
2026-08-13,猎聘,资深视觉设计师,小米,上市民企,北京,35-65k·14薪,5年以上,本科,https://www.liepin.com/job/1983737243.shtml,已验证（港交所上市01810）,已验证（猎聘官方页面）,大厂直招 视觉方向 500强,否
2026-08-13,猎聘,会员/儿童交互设计师,小米集团,上市民企,北京,30-35k,5-10年,本科,https://www.liepin.com/job/1978167771.shtml,已验证（港交所上市01810）,已验证（猎聘官方页面）,大厂直招,否
2026-08-13,猎聘,UI设计师（电商消费下单链路方向）,快手,上市民企,北京,20-35k·16薪,1-3年,本科,https://www.liepin.com/job/1984539037.shtml,已验证（港交所上市1024）,已验证（猎聘官方页面）,大厂直招 电商方向,否
2026-08-13,猎聘,资深体验设计师,数字人民币运营管理中心,央企,北京,40-70k,5-10年,本科,https://www.liepin.com/job/1981634721.shtml,已验证（央行数字货币研究所下属）,已验证（猎聘官方页面）,央企背景 数字货币 薪资高,否
2026-08-13,猎聘,高级体验设计师(偏UI方向)(J11387),斑马智能,上市民企,北京,20-30k·15薪,3-8年,本科,https://www.liepin.com/job/1976791445.shtml,已验证（阿里巴巴NYSE:BABA旗下）,已验证（猎聘官方页面）,大厂直招 智能座舱 适合4.5年经验,否
2026-08-13,猎聘,用户体验设计师(J13890),曙光信息产业(北京),上市民企,北京,20-35k,3年以上,本科,https://www.liepin.com/job/1984302523.shtml,已验证（中科曙光上交所603019）,已验证（猎聘官方页面）,A股上市 服务器/计算 适合4.5年经验,否
2026-08-13,猎聘,资深交互设计师,歌尔丹拿科技,上市民企,北京,20-35k,5年以上,本科,https://www.liepin.com/job/1974070581.shtml,已验证（歌尔股份002241子公司）,已验证（猎聘官方页面）,A股上市 声学/VR赛道,否
2026-08-13,猎聘,UX/交互设计师,法本信息,上市民企,北京,15-18k,5-10年,本科,https://www.liepin.com/job/1979098743.shtml,已验证（深交所上市300925）,已验证（猎聘官方页面）,A股上市 IT服务,否
2026-08-13,猎聘,UX用户体验设计师,泰康养老保险,其他民企（大型）,北京,15-25k·16薪,1-3年,本科,https://www.liepin.com/job/1972172325.shtml,已验证（泰康保险集团 大型金融）,已验证（猎聘官方页面）,大型金融集团 16薪 稳定,否
2026-08-13,猎聘,资深体验设计师-国际化出行业务,滴滴,上市民企,北京,20-40k·15薪,3年以上,本科,https://www.liepin.com/job/1984424699.shtml,已验证（纽交所上市DIDIY）,已验证（猎聘官方页面）,上市大厂 国际化方向 适合4.5年经验,否
2026-08-13,猎聘,资深体验设计师-国际化外卖骑手,滴滴,上市民企,北京,20-40k·15薪,3-10年,本科,https://www.liepin.com/job/1984244671.shtml,已验证（纽交所上市DIDIY）,已验证（猎聘官方页面）,上市大厂 外卖方向,否
2026-08-13,猎聘,资深体验设计师-国际化金融业务,滴滴,上市民企,北京,20-40k·15薪,3-5年,本科,https://www.liepin.com/job/1984243835.shtml,已验证（纽交所上市DIDIY）,已验证（猎聘官方页面）,上市大厂 金融方向 非常匹配4.5年经验,否
2026-08-13,猎聘,资深视觉设计师,滴滴,上市民企,北京,20-40k·15薪,3年以上,本科,https://www.liepin.com/job/1984243683.shtml,已验证（纽交所上市DIDIY）,已验证（猎聘官方页面）,上市大厂 视觉方向 适合4.5年经验,否
2026-08-13,猎聘,用户体验设计专家,理想汽车,上市民企,北京,30-50k·14薪,5-10年,本科,https://www.liepin.com/job/1984470715.shtml,已验证（纳斯达克LI/港交所2015）,已验证（猎聘官方页面）,上市新能源车 用户体验,否
2026-08-13,猎聘,高级视觉设计师-北京(A59403),理想汽车,上市民企,北京,30-50k·14薪,3-5年,本科,https://www.liepin.com/job/1984470391.shtml,已验证（纳斯达克LI/港交所2015）,已验证（猎聘官方页面）,上市新能源车 视觉方向 非常匹配4.5年经验,否
2026-08-13,猎聘,高级交互设计师、专家,用友网络,上市民企,北京,26-55k·16薪,3年以上,本科,https://www.liepin.com/job/1940351141.shtml,已验证（上交所上市600588）,已验证（猎聘官方页面）,A股上市 B端企业软件,否
2026-08-13,猎聘,高级视觉设计师(J11632),百普赛斯,上市民企,北京,面议,5-8年,本科,https://www.liepin.com/job/1983177789.shtml,已验证（北交所上市）,已验证（猎聘官方页面）,北交所上市 生物科技 视觉方向,否
2026-08-13,猎聘,高级UI设计师,百融云创,上市民企,北京,20-30k,3年以上,本科,https://www.liepin.com/job/1971839389.shtml,已验证（港股上市06608）,已验证（猎聘官方页面）,港股上市 金融科技 适合4.5年经验,否
2026-08-13,猎聘,UI视觉设计师,石头科技,上市民企,北京,20-35k·16薪,3年以上,本科,https://www.liepin.com/job/1980846645.shtml,已验证（科创板上市688169）,已验证（猎聘官方页面）,科创板上市 视觉方向 适合4.5年经验,否
2026-08-13,猎聘,交互设计师,石头科技,上市民企,北京,20-35k·16薪,4年以上,本科,https://www.liepin.com/job/1980847233.shtml,已验证（科创板上市688169）,已验证（猎聘官方页面）,科创板上市 非常匹配4.5年经验,否
2026-08-13,猎聘,资深UI设计师,石头科技,上市民企,北京,20-30k·16薪,4年以上,本科,https://www.liepin.com/job/1970761731.shtml,已验证（科创板上市688169）,已验证（猎聘官方页面）,科创板上市 非常匹配4.5年经验,否
2026-08-13,猎聘,设计组长(UI/UX),科大讯飞,上市民企,北京,25-45k·14薪,经验不限,统招本科,https://www.liepin.com/job/1978914537.shtml,已验证（深交所上市002230）,已验证（猎聘官方页面）,A股上市 AI赛道 设计组长 经验不限,否
2026-08-13,猎聘,高级UI设计师,紫光天际(南京)科技,国资控股,北京,15-25k,5-10年,本科,https://www.liepin.com/job/1984171911.shtml,已验证（新紫光集团 国资控股体系）,已验证（猎聘官方页面）,国资控股 稳定,否
2026-08-13,猎聘,资深体验设计师,美团,上市民企,北京,20-40k·15薪,经验不限,本科,https://www.liepin.com/job/1962956595.shtml,已验证（港交所上市3690）,已验证（猎聘官方页面）,上市大厂 经验不限,否
2026-08-13,猎聘,Prototype Designer,联想,上市民企,北京,20-35k,3年以上,本科,https://www.liepin.com/job/1983428959.shtml,已验证（港交所上市0992）,已验证（猎聘官方页面）,大厂直招 原型设计方向 适合4.5年经验,否
2026-08-13,猎聘,AI智能体交互设计师,联想教育,上市民企,北京,50-70k·15薪,6-10年,本科,https://www.liepin.com/job/1983789869.shtml,已验证（联想集团港交所上市0992）,已验证（猎聘官方页面）,大厂直招 AI方向 薪资高,否
2026-08-13,猎聘,资深UI设计师(J10160),花椒直播,上市民企,北京,15-30k,3-5年,本科,https://www.liepin.com/job/1946972415.shtml,已验证（360集团上交所601360旗下）,已验证（猎聘官方页面）,A股上市 直播赛道 非常匹配4.5年经验,否
2026-08-13,猎聘,服务设计与体验,贝壳找房,上市民企,北京,30-35k·16薪,3年以上,本科,https://www.liepin.com/job/1984261179.shtml,已验证（美股上市BEKE）,已验证（猎聘官方页面）,美股上市 房产服务 适合4.5年经验,否
2026-08-13,猎聘,UI设计专家(J14505),转转集团,其他民企（独角兽）,北京,35-50k·15薪,5-10年,本科,https://www.liepin.com/job/1981563437.shtml,已验证（未上市独角兽 58同城旗下）,已验证（猎聘官方页面）,独角兽 二手电商 适合4.5年+经验,否
2026-08-13,猎聘,海外电商UI/UX专家,转转集团,其他民企（独角兽）,北京,40-50k,5-10年,本科,https://www.liepin.com/job/1982221119.shtml,已验证（未上市独角兽 58同城旗下）,已验证（猎聘官方页面）,独角兽 海外电商方向 薪资高,否
2026-08-13,猎聘,交互设计师,钢研国际新材料创新中心,央企,北京,15-20k,3年以上,本科,https://www.liepin.com/job/1976771209.shtml,已验证（中国钢研科技集团央企子公司）,已验证（猎聘官方页面）,央企背景 稳定,否
2026-08-13,猎聘,体验设计师(视觉/UI方向),阿里云,上市民企,北京,18-23k·13薪,3-5年,本科,https://www.liepin.com/job/1945653257.shtml,已验证（阿里巴巴NYSE:BABA旗下）,已验证（猎聘官方页面）,大厂直招 云计算 非常匹配4.5年经验,否
2026-08-13,猎聘,体验设计师-AIGC方向,高德,上市民企,北京,25-40k·16薪,5-10年,本科,https://www.liepin.com/job/1973086971.shtml,已验证（阿里巴巴NYSE:BABA旗下）,已验证（猎聘官方页面）,大厂直招 AIGC方向 地图服务,否
2026-08-13,智联招聘,ux交互设计师,中软国际,上市民企,南京,面议,3年以上,本科,https://www.zhaopin.com/jobdetail/CC508620120J40612444612.htm,已验证（港交所上市00354）,已验证（智联官方页面）,港股上市 IT服务,否
2026-08-13,智联招聘,UI/UE（用户界面/用户体验）设计师,金斯瑞生物科技,上市民企,南京,面议,3-5年,本科,https://www.zhaopin.com/jobdetail/CC143982550J40836076714.htm,已验证（纽交所上市BTIL）,已验证（智联官方页面）,美股上市 生物科技 非常匹配4.5年经验,否
2026-08-13,猎聘,游戏UX交互设计师-咪咕互娱,中国移动(咪咕互娱),国企,南京,25-45k,3-5年,本科,https://www.liepin.com/a/76647095.shtml,已验证（中国移动国企旗下）,已验证（猎聘官方页面）,国企背景 游戏UX方向 非常匹配4.5年经验,否
2026-08-13,猎聘,UI Design_DW(A208314),宝马诚迈信息技术,外企,南京,15-25k,3-5年,本科,https://www.liepin.com/job/1981958007.shtml,已验证（宝马集团合资 外企）,已验证（猎聘官方页面）,外企合资 汽车HMI方向 非常匹配4.5年经验,否
2026-08-13,猎聘,体验设计师,新康众,其他民企（大型）,南京,13-25k·15薪,3-5年,本科,https://www.liepin.com/job/1935209095.shtml,已验证（天猫汽车养护 大型民企）,已验证（猎聘官方页面）,汽车后市场龙头 15薪 非常匹配4.5年经验,否
2026-08-13,猎聘,【英语】体验设计师,朗新科技,上市民企,南京,15-25k,3-5年,本科,https://www.liepin.com/job/1975793953.shtml,已验证（深交所上市300682）,已验证（猎聘官方页面）,A股上市 能源互联网 非常匹配4.5年经验,否
2026-08-13,猎聘,交互设计师(驱动产品),汇川技术,上市民企,南京,18-29k,5年以上,本科,https://www.liepin.com/job/1983698833.shtml,已验证（深交所上市300124）,已验证（猎聘官方页面）,A股上市 工业自动化龙头,否
2026-08-13,猎聘,UI设计师,江苏天合储能有限公司,上市民企,南京,14-25k·15薪,3年以上,本科,https://www.liepin.com/job/1977270173.shtml,已验证（天合光能688599子公司）,已验证（猎聘官方页面）,A股科创板上市 新能源,否
2026-08-13,猎聘,UE/UX交互设计师(J11751),追觅科技,其他民企（独角兽）,南京,10-20k·15薪,3-5年,本科,https://www.liepin.com/job/1960085059.shtml,已验证（未上市独角兽 智能家电）,已验证（猎聘官方页面）,独角兽 智能家电 非常匹配4.5年经验,否
2026-08-13,猎聘,交互体验设计师(UX Designer)(J11861),鱼跃医疗,上市民企,南京,12-25k·14薪,5-10年,本科,https://www.liepin.com/job/1974978679.shtml,已验证（深交所上市002223）,已验证（猎聘官方页面）,A股上市 医疗器械龙头,否
2026-08-13,BOSS直聘,UI设计师(上市公司),凡拓数创,上市民企,合肥,需登录查看,需登录查看,需登录查看,https://www.zhipin.com/job_detail/94f7a4236338c3aa0nR-29q8ElpW.html,已验证（创业板上市）,已验证（BOSS直聘官方页面）,上市公司 数字创意 需登录查看,否
2026-08-13,BOSS直聘,UI设计师,华测检测,上市民企,合肥,需登录查看,需登录查看,需登录查看,https://www.zhipin.com/job_detail/5cf994f5c5b5fb591HBz3NW8EVBZ.html,已验证（创业板上市300012）,已验证（BOSS直聘官方页面）,上市民企 检测龙头 需登录查看,否
2026-08-13,智联招聘,UX/UI设计师 (MJ001461),阳光电源股份有限公司,上市民企,合肥,面议,3年以上,本科,https://www.zhaopin.com/jobdetail/CC120598170J40505434406.htm,已验证（深交所上市300274 500强）,已验证（智联官方页面）,A股上市 新能源 非常匹配4.5年经验,否
2026-08-13,猎聘,座舱HMI设计工程师(A110866),中科创达,上市民企,合肥,16-26k,3年以上,大专,https://www.liepin.com/job/1984731943.shtml,已验证（深交所上市300496）,已验证（猎聘官方页面）,A股上市 智能座舱龙头 适合4.5年经验,否
2026-08-13,猎聘,汽车HMI UI设计师,凯捷咨询(中国),外企,合肥,15-18k·13薪,3-5年,本科,https://www.liepin.com/job/1980948779.shtml,已验证（凯捷集团法国总部）,已验证（猎聘官方页面）,外企500强咨询 汽车HMI,否
2026-08-13,猎聘,汽车交互HMI UI设计师,凯捷咨询(中国),外企,合肥,15-20k·13薪,3年以上,大专,https://www.liepin.com/job/1981225577.shtml,已验证（凯捷集团法国总部）,已验证（猎聘官方页面）,外企500强咨询 HMI方向,否
2026-08-13,猎聘,Design UI Motion Designer,大众汽车(安徽),外企,合肥,15-35k,3-5年,本科,https://www.liepin.com/job/1979552341.shtml,已验证（大众汽车集团德国总部）,已验证（猎聘官方页面）,外企500强 非常匹配4.5年经验,否
2026-08-13,猎聘,Design UI System Specialist,大众汽车(安徽),外企,合肥,20-30k,5-10年,本科,https://www.liepin.com/job/1982695415.shtml,已验证（大众汽车集团德国总部）,已验证（猎聘官方页面）,外企500强 汽车HMI,否
2026-08-13,猎聘,Design UI System Specialist (MJ004909),大众汽车(安徽),外企,合肥,15-35k,3-5年,本科,https://www.liepin.com/job/1979552317.shtml,已验证（大众汽车集团德国总部）,已验证（猎聘官方页面）,外企500强 非常匹配4.5年经验,否
2026-08-13,猎聘,UX Designer,大众汽车(安徽),外企,合肥,15-30k,3-5年,硕士,https://www.liepin.com/job/1983037351.shtml,已验证（大众汽车集团德国总部）,已验证（猎聘官方页面）,外企500强 汽车HMI方向 非常匹配4.5年经验,否
2026-08-13,猎聘,体验设计师(底盘及动力方向),江淮汽车,国企,合肥,15-25k,5-10年,本科,https://www.liepin.com/job/1972330451.shtml,已验证（安徽国资控股 上市）,已验证（猎聘官方页面）,国企背景 新能源汽车 稳定,否
2026-08-13,猎聘,HMI车机系统UI/UE设计,法本信息,上市民企,合肥,12-20k,3年以上,本科,https://www.liepin.com/job/1984715015.shtml,已验证（深交所上市300925）,已验证（猎聘官方页面）,A股上市 IT服务 HMI方向 适合4.5年经验,否
2026-08-13,猎聘,UI设计师,科大讯飞,上市民企,合肥,15-25k·14薪,3-5年,本科,https://www.liepin.com/job/1978425743.shtml,已验证（深交所上市002230）,已验证（猎聘官方页面）,A股上市 非常匹配4.5年经验,否
2026-08-13,猎聘,UI设计师-UED,科大讯飞,上市民企,合肥,20-23k·15薪,5-10年,本科,https://www.liepin.com/job/1982835115.shtml,已验证（深交所上市002230）,已验证（猎聘官方页面）,A股上市 AI赛道 适合4.5年+经验,否
2026-08-13,猎聘,交互设计师,科大讯飞,上市民企,合肥,11-20k·14薪,3-5年,本科,https://www.liepin.com/job/1941199421.shtml,已验证（深交所上市002230）,已验证（猎聘官方页面）,A股上市 AI赛道 非常匹配4.5年经验,否
2026-08-13,猎聘,交互设计师(大模型应用方向),科大讯飞,上市民企,合肥,20-30k·14薪,3-5年,本科,https://www.liepin.com/job/1977627311.shtml,已验证（深交所上市002230）,已验证（猎聘官方页面）,A股上市 AI大模型方向 非常匹配4.5年经验,否
2026-08-13,猎聘,教育-主设计师-合肥,科大讯飞,上市民企,合肥,25-50k·14薪,3年以上,本科,https://www.liepin.com/job/1984288915.shtml,已验证（深交所上市002230）,已验证（猎聘官方页面）,A股上市 教育方向 适合4.5年经验,否
2026-08-13,猎聘,资深设计师,科大讯飞,上市民企,合肥,20-50k·14薪,5年以上,统招本科,https://www.liepin.com/job/1984396949.shtml,已验证（深交所上市002230）,已验证（猎聘官方页面）,A股上市 AI赛道 资深岗位,否
2026-08-13,猎聘,高级UI设计师,美的集团,上市民企,合肥,20-40k·15薪,10年以上,本科,https://www.liepin.com/job/1981590471.shtml,已验证（A股000333/港股0300 500强）,已验证（猎聘官方页面）,世界500强 经验要求偏高,否
2026-08-13,猎聘,数字体验设计师(MJ005176),阳光电源,上市民企,合肥,面议,5年以上,本科,https://www.liepin.com/job/1980175359.shtml,已验证（深交所上市300274 500强）,已验证（猎聘官方页面）,A股上市 新能源 体验设计,否
2026-08-13,猎聘,高级交互设计师(MJ005465),阳光电源,上市民企,合肥,面议,5年以上,本科,https://www.liepin.com/job/1980537803.shtml,已验证（深交所上市300274 500强）,已验证（猎聘官方页面）,A股上市 新能源 交互方向,否
2026-08-13,猎聘,汽车交互设计师,魏桥新能源汽车科技集团,其他民企,合肥,15-25k,5年以上,本科,https://www.liepin.com/job/1980089691.shtml,已验证（魏桥创业集团 民企500强）,已验证（猎聘官方页面）,大型民企 新能源汽车,否
